#{"t_start": 1635801978.8059628, "env_id": "XarmPDPickAndPlace-v1"}
r,l,t
0.0,1,0.509073
-4.0,5,0.693048
0.0,1,0.744208
