#{"t_start": 1635801979.1267927, "env_id": "XarmPDPickAndPlace-v1"}
r,l,t
0.0,1,0.189151
-2.0,3,0.298479
-3.0,4,0.495113
